[{"code":"002","name":"本店","name_kana":"ﾎﾝﾃﾝ"},{"code":"003","name":"南","name_kana":"ﾐﾅﾐ"},{"code":"004","name":"北","name_kana":"ｷﾀ"},{"code":"005","name":"アートセンター","name_kana":"ｱ-ﾄｾﾝﾀ-"},{"code":"006","name":"大工町","name_kana":"ﾀﾞｲｸﾏﾁ"},{"code":"007","name":"花ヶ島","name_kana":"ﾊﾅｶﾞｼﾏ"},{"code":"008","name":"青島","name_kana":"ｱｵｼﾏ"},{"code":"009","name":"国富","name_kana":"ｸﾆﾄﾐ"},{"code":"010","name":"西佐土原","name_kana":"ﾆｼｻﾄﾞﾜﾗ"},{"code":"011","name":"青葉町","name_kana":"ｱｵﾊﾞﾁﾖｳ"},{"code":"012","name":"京塚","name_kana":"ｷﾖｳﾂﾞｶ"},{"code":"013","name":"平和台","name_kana":"ﾍｲﾜﾀﾞｲ"},{"code":"014","name":"宮崎市場","name_kana":"ﾐﾔｻﾞｷｲﾁﾊﾞ"},{"code":"015","name":"城ヶ崎","name_kana":"ｼﾞﾖｳｶﾞｻｷ"},{"code":"016","name":"堀川町","name_kana":"ﾎﾘｶﾜﾁﾖｳ"},{"code":"017","name":"大塚","name_kana":"ｵｵﾂｶ"},{"code":"018","name":"船塚","name_kana":"ﾌﾅﾂｶ"},{"code":"019","name":"清武","name_kana":"ｷﾖﾀｹ"},{"code":"020","name":"延岡中央出張所","name_kana":"ﾉﾍﾞｵｶﾁﾕｳｵｳ"},{"code":"021","name":"高鍋","name_kana":"ﾀｶﾅﾍﾞ"},{"code":"022","name":"西都","name_kana":"ｻｲﾄ"},{"code":"023","name":"都農","name_kana":"ﾂﾉ"},{"code":"024","name":"佐土原","name_kana":"ｻﾄﾞﾜﾗ"},{"code":"025","name":"田野出張所","name_kana":"ﾀﾉ"},{"code":"026","name":"住吉","name_kana":"ｽﾐﾖｼ"},{"code":"027","name":"赤江","name_kana":"ｱｶｴ"},{"code":"029","name":"大塚北","name_kana":"ｵｵﾂｶｷﾀ"},{"code":"031","name":"延岡","name_kana":"ﾉﾍﾞｵｶ"},{"code":"032","name":"南延岡","name_kana":"ﾐﾅﾐﾉﾍﾞｵｶ"},{"code":"033","name":"高千穂","name_kana":"ﾀｶﾁﾎ"},{"code":"034","name":"門川","name_kana":"ｶﾄﾞｶﾞﾜ"},{"code":"035","name":"日向","name_kana":"ﾋﾕｳｶﾞ"},{"code":"036","name":"出北","name_kana":"ｲﾃﾞｷﾀ"},{"code":"037","name":"財光寺","name_kana":"ｻﾞｲｺｳｼﾞ"},{"code":"038","name":"日向北","name_kana":"ﾋﾕｳｶﾞｷﾀ"},{"code":"041","name":"都城","name_kana":"ﾐﾔｺﾉｼﾞﾖｳ"},{"code":"042","name":"都城北","name_kana":"ﾐﾔｺﾉｼﾞﾖｳｷﾀ"},{"code":"043","name":"小林","name_kana":"ｺﾊﾞﾔｼ"},{"code":"044","name":"油津","name_kana":"ｱﾌﾞﾗﾂ"},{"code":"045","name":"飫肥出張所","name_kana":"ｵﾋﾞ"},{"code":"046","name":"串間","name_kana":"ｸｼﾏ"},{"code":"047","name":"都北町","name_kana":"ﾄﾎｸﾁﾖｳ"},{"code":"048","name":"あやめ原","name_kana":"ｱﾔﾒﾊﾞﾙ"},{"code":"049","name":"三股","name_kana":"ﾐﾏﾀ"},{"code":"050","name":"鷹尾","name_kana":"ﾀｶｵ"},{"code":"051","name":"鹿児島","name_kana":"ｶｺﾞｼﾏ"},{"code":"052","name":"鹿屋","name_kana":"ｶﾉﾔ"},{"code":"053","name":"川内","name_kana":"ｾﾝﾀﾞｲ"},{"code":"054","name":"国分","name_kana":"ｺｸﾌﾞ"},{"code":"055","name":"南鹿児島","name_kana":"ﾐﾅﾐｶｺﾞｼﾏ"},{"code":"063","name":"佐伯","name_kana":"ｻｲｷ"},{"code":"071","name":"福岡","name_kana":"ﾌｸｵｶ"},{"code":"333","name":"たいようネット","name_kana":"ﾀｲﾖｳﾈﾂﾄ"}]