[{"code":"001","name":"本店","name_kana":"ﾎﾝﾃﾝ"},{"code":"002","name":"下町","name_kana":"ｼﾀﾏﾁ"},{"code":"003","name":"大町","name_kana":"ｵｵﾏﾁ"},{"code":"004","name":"和徳","name_kana":"ﾜﾄｸ"},{"code":"005","name":"大鰐","name_kana":"ｵｵﾜﾆ"},{"code":"006","name":"岩木","name_kana":"ｲﾜｷ"},{"code":"007","name":"富田","name_kana":"ﾄﾐﾀ"},{"code":"008","name":"石川","name_kana":"ｲｼｶﾜ"},{"code":"009","name":"黒石","name_kana":"ｸﾛｲｼ"},{"code":"010","name":"温湯","name_kana":"ﾇﾙﾕ"},{"code":"011","name":"尾上","name_kana":"ｵﾉｴ"},{"code":"012","name":"藤崎","name_kana":"ﾌｼﾞｻｷ"},{"code":"013","name":"平賀","name_kana":"ﾋﾗｶ"},{"code":"014","name":"田舎館","name_kana":"ｲﾅｶﾀﾞﾃ"},{"code":"015","name":"五所川原","name_kana":"ｺﾞｼﾖｶﾞﾜﾗ"},{"code":"016","name":"浜の町","name_kana":"ﾊﾏﾉﾏﾁ"},{"code":"017","name":"城東","name_kana":"ｼﾞﾖｳﾄｳ"},{"code":"018","name":"茂森","name_kana":"ｼｹﾞﾓﾘ"},{"code":"019","name":"高崎","name_kana":"ﾀｶｻｷ"},{"code":"020","name":"松原","name_kana":"ﾏﾂﾊﾞﾗ"}]