[{"code":"001","name":"本店","name_kana":"ﾎﾝﾃﾝ"},{"code":"002","name":"那古船形","name_kana":"ﾅｺﾞﾌﾅｶﾀ"},{"code":"003","name":"鴨川","name_kana":"ｶﾓｶﾞﾜ"},{"code":"004","name":"千倉","name_kana":"ﾁｸﾗ"},{"code":"005","name":"鋸南","name_kana":"ｷﾖﾅﾝ"},{"code":"006","name":"若宮","name_kana":"ﾜｶﾐﾔ"},{"code":"007","name":"木更津","name_kana":"ｷｻﾗﾂﾞ"},{"code":"008","name":"君津","name_kana":"ｷﾐﾂ"},{"code":"009","name":"白浜","name_kana":"ｼﾗﾊﾏ"},{"code":"010","name":"南","name_kana":"ﾐﾅﾐ"},{"code":"011","name":"天津小湊","name_kana":"ｱﾏﾂｺﾐﾅﾄ"},{"code":"014","name":"富浦","name_kana":"ﾄﾐｳﾗ"}]