[{"code":"001","name":"本店","name_kana":"ﾎﾝﾃﾝ"},{"code":"002","name":"中野","name_kana":"ﾅｶﾉ"},{"code":"003","name":"池袋","name_kana":"ｲｹﾌﾞｸﾛ"},{"code":"005","name":"阿佐谷","name_kana":"ｱｻｶﾞﾔ"},{"code":"006","name":"大山","name_kana":"ｵｵﾔﾏ"},{"code":"007","name":"南中野","name_kana":"ﾐﾅﾐﾅｶﾉ"},{"code":"008","name":"銀座","name_kana":"ｷﾞﾝｻﾞ"},{"code":"010","name":"東中野","name_kana":"ﾋｶﾞｼﾅｶﾉ"},{"code":"011","name":"富士見台","name_kana":"ﾌｼﾞﾐﾀﾞｲ"},{"code":"012","name":"上井草","name_kana":"ｶﾐｲｸﾞｻ"},{"code":"013","name":"徳丸","name_kana":"ﾄｸﾏﾙ"},{"code":"014","name":"西新宿","name_kana":"ﾆｼｼﾝｼﾞﾕｸ"},{"code":"015","name":"石神井台","name_kana":"ｼﾔｸｼﾞｲﾀﾞｲ"},{"code":"016","name":"沼袋","name_kana":"ﾇﾏﾌﾞｸﾛ"},{"code":"017","name":"雑司が谷","name_kana":"ｿﾞｳｼｶﾞﾔ"},{"code":"021","name":"野方","name_kana":"ﾉｶﾞﾀ"},{"code":"026","name":"西荻窪","name_kana":"ﾆｼｵｷﾞｸﾎﾞ"},{"code":"028","name":"練馬","name_kana":"ﾈﾘﾏ"},{"code":"029","name":"江古田","name_kana":"ｴｺﾀﾞ"},{"code":"030","name":"北町","name_kana":"ｷﾀﾏﾁ"},{"code":"031","name":"鷺宮","name_kana":"ｻｷﾞﾉﾐﾔ"},{"code":"032","name":"大泉","name_kana":"ｵｵｲｽﾞﾐ"},{"code":"033","name":"保谷","name_kana":"ﾎｳﾔ"},{"code":"034","name":"蓮根","name_kana":"ﾊｽﾈ"},{"code":"035","name":"清瀬","name_kana":"ｷﾖｾ"},{"code":"036","name":"氷川台","name_kana":"ﾋｶﾜﾀﾞｲ"},{"code":"038","name":"新座","name_kana":"ﾆｲｻﾞ"},{"code":"046","name":"原宿","name_kana":"ﾊﾗｼﾞﾕｸ"}]