[{"code":"002","name":"本店","name_kana":"ﾎﾝﾃﾝ"},{"code":"003","name":"山ノ下","name_kana":"ﾔﾏﾉｼﾀ"},{"code":"004","name":"沼垂","name_kana":"ﾇﾂﾀﾘ"},{"code":"005","name":"横門前","name_kana":"ﾖｺﾓﾝｾﾞﾝ"},{"code":"006","name":"関屋","name_kana":"ｾｷﾔ"},{"code":"007","name":"大形","name_kana":"ｵｵｶﾞﾀ"},{"code":"008","name":"白根","name_kana":"ｼﾛﾈ"},{"code":"009","name":"大野","name_kana":"ｵｵﾉ"},{"code":"010","name":"米山","name_kana":"ﾖﾈﾔﾏ"},{"code":"011","name":"中山","name_kana":"ﾅｶﾔﾏ"},{"code":"012","name":"青山","name_kana":"ｱｵﾔﾏ"},{"code":"013","name":"鳥屋野","name_kana":"ﾄﾔﾉ"},{"code":"014","name":"松浜","name_kana":"ﾏﾂﾊﾏ"},{"code":"015","name":"真砂","name_kana":"ﾏｻｺﾞ"},{"code":"016","name":"出来島","name_kana":"ﾃﾞｷｼﾞﾏ"},{"code":"017","name":"姥ヶ山","name_kana":"ｳﾊﾞｶﾞﾔﾏ"},{"code":"018","name":"石山","name_kana":"ｲｼﾔﾏ"},{"code":"019","name":"亀田","name_kana":"ｶﾒﾀﾞ"},{"code":"021","name":"坂井","name_kana":"ｻｶｲ"},{"code":"022","name":"物見山","name_kana":"ﾓﾉﾐﾔﾏ"},{"code":"023","name":"寺地","name_kana":"ﾃﾗｼﾞ"},{"code":"024","name":"ながた","name_kana":"ﾅｶﾞﾀ"}]