[{"code":"011","name":"本店","name_kana":"ﾎﾝﾃﾝ"},{"code":"013","name":"湯村","name_kana":"ﾕﾑﾗ"},{"code":"014","name":"緑町","name_kana":"ﾐﾄﾞﾘﾏﾁ"},{"code":"016","name":"南","name_kana":"ﾐﾅﾐ"},{"code":"017","name":"国母","name_kana":"ｺｸﾎﾞ"},{"code":"018","name":"西","name_kana":"ﾆｼ"},{"code":"019","name":"東","name_kana":"ﾋｶﾞｼ"},{"code":"022","name":"朝気","name_kana":"ｱｻｹ"},{"code":"023","name":"大里","name_kana":"ｵｵｻﾄ"},{"code":"031","name":"塩山","name_kana":"ｴﾝｻﾞﾝ"},{"code":"041","name":"加納岩","name_kana":"ｶﾉｳｲﾜ"},{"code":"042","name":"山梨南","name_kana":"ﾔﾏﾅｼﾐﾅﾐ"},{"code":"051","name":"韮崎","name_kana":"ﾆﾗｻｷ"},{"code":"052","name":"藤井","name_kana":"ﾌｼﾞｲ"},{"code":"061","name":"長坂","name_kana":"ﾅｶﾞｻｶ"},{"code":"070","name":"昭和","name_kana":"ｼﾖｳﾜ"},{"code":"071","name":"田富","name_kana":"ﾀﾄﾐ"},{"code":"073","name":"甲斐","name_kana":"ｶｲ"},{"code":"075","name":"竜王南","name_kana":"ﾘﾕｳｵｳﾐﾅﾐ"},{"code":"076","name":"櫛形","name_kana":"ｸｼｶﾞﾀ"},{"code":"077","name":"玉穂","name_kana":"ﾀﾏﾎ"},{"code":"079","name":"白根","name_kana":"ｼﾗﾈ"},{"code":"082","name":"石和","name_kana":"ｲｻﾜ"}]