[{"code":"001","name":"本店","name_kana":"ﾎﾝﾃﾝ"},{"code":"002","name":"羽咋","name_kana":"ﾊｸｲ"},{"code":"003","name":"高浜","name_kana":"ﾀｶﾊﾏ"},{"code":"004","name":"富来","name_kana":"ﾄｷﾞ"},{"code":"008","name":"川原町","name_kana":"ｶﾜﾗﾏﾁ"},{"code":"009","name":"津幡","name_kana":"ﾂﾊﾞﾀ"},{"code":"010","name":"かしま","name_kana":"ｶｼﾏ"},{"code":"011","name":"鳴和","name_kana":"ﾅﾙﾜ"},{"code":"012","name":"押水","name_kana":"ｵｼﾐｽﾞ"},{"code":"013","name":"七塚","name_kana":"ﾅﾅﾂｶ"},{"code":"014","name":"鹿北","name_kana":"ﾛｸﾎｸ"},{"code":"015","name":"和倉","name_kana":"ﾜｸﾗ"},{"code":"019","name":"穴水","name_kana":"ｱﾅﾐｽﾞ"},{"code":"020","name":"宇ノ気","name_kana":"ｳﾉｹ"},{"code":"022","name":"輪島","name_kana":"ﾜｼﾞﾏ"},{"code":"023","name":"久安","name_kana":"ﾋｻﾔｽ"},{"code":"024","name":"内灘","name_kana":"ｳﾁﾅﾀﾞ"},{"code":"032","name":"竪町","name_kana":"ﾀﾃﾏﾁ"},{"code":"033","name":"野町","name_kana":"ﾉﾏﾁ"},{"code":"034","name":"西部","name_kana":"ｾｲﾌﾞ"},{"code":"035","name":"野々市","name_kana":"ﾉﾉｲﾁ"},{"code":"036","name":"森本","name_kana":"ﾓﾘﾓﾄ"},{"code":"037","name":"八日市","name_kana":"ﾖｳｶｲﾁ"},{"code":"039","name":"杜の里","name_kana":"ﾓﾘﾉｻﾄ"}]