[{"code":"001","name":"神田","name_kana":"ｶﾝﾀﾞ"},{"code":"002","name":"西町","name_kana":"ﾆｼﾏﾁ"},{"code":"003","name":"東町","name_kana":"ﾋｶﾞｼﾏﾁ"},{"code":"004","name":"北","name_kana":"ｷﾀ"},{"code":"005","name":"富士根","name_kana":"ﾌｼﾞﾈ"},{"code":"006","name":"芝川","name_kana":"ｼﾊﾞｶﾜ"},{"code":"007","name":"上野","name_kana":"ｳｴﾉ"},{"code":"008","name":"富士","name_kana":"ﾌｼﾞ"},{"code":"009","name":"吉原","name_kana":"ﾖｼﾜﾗ"},{"code":"010","name":"鷹岡","name_kana":"ﾀｶｵｶ"},{"code":"011","name":"本店","name_kana":"ﾎﾝﾃﾝ"},{"code":"012","name":"富士見","name_kana":"ﾌｼﾞﾐ"},{"code":"013","name":"松岡","name_kana":"ﾏﾂｵｶ"},{"code":"014","name":"国久保","name_kana":"ｸﾆｸﾎﾞ"},{"code":"015","name":"駅南","name_kana":"ｴｷﾅﾝ"},{"code":"016","name":"淀川","name_kana":"ﾖﾄﾞｶﾞﾜ"},{"code":"017","name":"万野","name_kana":"ﾏﾝﾉ"},{"code":"018","name":"新富士","name_kana":"ｼﾝﾌｼﾞ"},{"code":"020","name":"上井出","name_kana":"ｶﾐｲﾃﾞ"}]