[{"code":"011","name":"本店","name_kana":"ﾎﾝﾃﾝ"},{"code":"012","name":"本村","name_kana":"ﾎﾝﾑﾗ"},{"code":"014","name":"西山出張所","name_kana":"ﾆｼﾔﾏ"},{"code":"015","name":"新地","name_kana":"ｼﾝﾁ"},{"code":"016","name":"向洋出張所","name_kana":"ｺｳﾖｳ"},{"code":"017","name":"唐戸","name_kana":"ｶﾗﾄ"},{"code":"019","name":"後田出張所","name_kana":"ｳｼﾛﾀﾞ"},{"code":"020","name":"安岡","name_kana":"ﾔｽｵｶ"},{"code":"021","name":"山の田","name_kana":"ﾔﾏﾉﾀ"},{"code":"022","name":"福浦","name_kana":"ﾌｸｳﾗ"},{"code":"023","name":"長府","name_kana":"ﾁﾖｳﾌ"},{"code":"024","name":"汐入出張所","name_kana":"ｼｵｲﾘ"},{"code":"025","name":"一の宮","name_kana":"ｲﾁﾉﾐﾔ"},{"code":"026","name":"川棚","name_kana":"ｶﾜﾀﾅ"},{"code":"027","name":"シーモール出張所","name_kana":"ｼ-ﾓ-ﾙ"},{"code":"028","name":"宝町","name_kana":"ﾀｶﾗﾏﾁ"},{"code":"030","name":"向井町出張所","name_kana":"ﾑｶｲﾁﾖｳ"},{"code":"031","name":"王司","name_kana":"ｵｳｼﾞ"},{"code":"033","name":"小野田","name_kana":"ｵﾉﾀﾞ"},{"code":"034","name":"かじくり","name_kana":"ｶｼﾞｸﾘ"},{"code":"130","name":"川中","name_kana":"ｶﾜﾅｶ"},{"code":"131","name":"熊野","name_kana":"ｸﾏﾉ"},{"code":"135","name":"長府中央営業部","name_kana":"ﾁﾖｳﾌﾁﾕｳｵｳ"},{"code":"137","name":"小月","name_kana":"ｵﾂﾞｷ"},{"code":"139","name":"長府駅前","name_kana":"ﾁﾖｳﾌｴｷﾏｴ"},{"code":"144","name":"菊川","name_kana":"ｷｸｶﾞﾜ"},{"code":"150","name":"下関市役所出張所","name_kana":"ｼﾓﾉｾｷｼﾔｸｼﾖ"},{"code":"211","name":"床波","name_kana":"ﾄｺﾅﾐ"},{"code":"225","name":"宇部新川","name_kana":"ｳﾍﾞｼﾝｶﾜ"},{"code":"280","name":"琴芝","name_kana":"ｺﾄｼﾊﾞ"},{"code":"281","name":"東岐波","name_kana":"ﾋｶﾞｼｷﾜ"},{"code":"283","name":"宇部","name_kana":"ｳﾍﾞ"},{"code":"284","name":"東新川","name_kana":"ﾋｶﾞｼｼﾝｶﾜ"},{"code":"286","name":"厚南","name_kana":"ｺｳﾅﾝ"},{"code":"288","name":"西宇部","name_kana":"ﾆｼｳﾍﾞ"},{"code":"325","name":"小郡","name_kana":"ｵｺﾞｵﾘ"},{"code":"326","name":"阿知須","name_kana":"ｱｼﾞｽ"},{"code":"327","name":"嘉川出張所","name_kana":"ｶｶﾞﾜ"},{"code":"328","name":"秋穂","name_kana":"ｱｲｵ"},{"code":"329","name":"秋芳出張所","name_kana":"ｼﾕｳﾎｳ"},{"code":"341","name":"山口","name_kana":"ﾔﾏｸﾞﾁ"},{"code":"358","name":"山口大学前","name_kana":"ﾔﾏｸﾞﾁﾀﾞｲｶﾞｸﾏｴ"},{"code":"359","name":"ひめ山","name_kana":"ﾋﾒﾔﾏ"},{"code":"450","name":"益田","name_kana":"ﾏｽﾀﾞ"},{"code":"452","name":"徳佐出張所","name_kana":"ﾄｸｻ"},{"code":"453","name":"日原出張所","name_kana":"ﾆﾁﾊﾗ"},{"code":"454","name":"吉賀","name_kana":"ﾖｼｶ"},{"code":"459","name":"津和野","name_kana":"ﾂﾜﾉ"},{"code":"508","name":"玖珂","name_kana":"ｸｶﾞ"},{"code":"590","name":"岩国","name_kana":"ｲﾜｸﾆ"},{"code":"593","name":"南岩国","name_kana":"ﾐﾅﾐｲﾜｸﾆ"},{"code":"594","name":"通津出張所","name_kana":"ﾂﾂﾞ"},{"code":"595","name":"錦町出張所","name_kana":"ﾆｼｷﾁﾖｳ"},{"code":"599","name":"岩国中央","name_kana":"ｲﾜｸﾆﾁﾕｳｵｳ"}]