[{"code":"001","name":"本店","name_kana":"ﾎﾝﾃﾝ"},{"code":"002","name":"菰田","name_kana":"ｺﾓﾀﾞ"},{"code":"003","name":"新飯塚","name_kana":"ｼﾝｲｲﾂﾞｶ"},{"code":"004","name":"鯰田","name_kana":"ﾅﾏｽﾞﾀ"},{"code":"005","name":"幸袋","name_kana":"ｺｳﾌﾞｸﾛ"},{"code":"006","name":"二瀬","name_kana":"ﾌﾀｾ"},{"code":"007","name":"宮田","name_kana":"ﾐﾔﾀ"},{"code":"008","name":"菅牟田","name_kana":"ｽｶﾞﾑﾀ"},{"code":"010","name":"福岡","name_kana":"ﾌｸｵｶ"},{"code":"011","name":"諸岡","name_kana":"ﾓﾛｵｶ"},{"code":"012","name":"粕屋","name_kana":"ｶｽﾔ"},{"code":"013","name":"潤野","name_kana":"ｳﾙﾉ"},{"code":"014","name":"筑穂桂川","name_kana":"ﾁｸﾎｹｲｾﾝ"},{"code":"015","name":"穂波","name_kana":"ﾎﾅﾐ"},{"code":"016","name":"稲築","name_kana":"ｲﾅﾂｷ"},{"code":"017","name":"庄内","name_kana":"ｼﾖｳﾅｲ"},{"code":"018","name":"枝国","name_kana":"ｴﾀﾞｸﾆ"},{"code":"019","name":"相田","name_kana":"ｱｲﾀﾞ"},{"code":"020","name":"福岡地行","name_kana":"ﾌｸｵｶｼﾞｷﾞﾖｳ"},{"code":"030","name":"山内出張所","name_kana":"ｻﾝﾅｲ"}]