[{"code":"001","name":"本店","name_kana":"ﾎﾝﾃﾝ"},{"code":"003","name":"琴似","name_kana":"ｺﾄﾆ"},{"code":"004","name":"菊水","name_kana":"ｷｸｽｲ"},{"code":"005","name":"北","name_kana":"ｷﾀ"},{"code":"007","name":"美園","name_kana":"ﾐｿﾉ"},{"code":"009","name":"江別","name_kana":"ｴﾍﾞﾂ"},{"code":"010","name":"元町","name_kana":"ﾓﾄﾏﾁ"},{"code":"013","name":"手稲","name_kana":"ﾃｲﾈ"},{"code":"014","name":"厚別","name_kana":"ｱﾂﾍﾞﾂ"},{"code":"016","name":"西野","name_kana":"ﾆｼﾉ"},{"code":"017","name":"藻南","name_kana":"ﾓﾅﾐ"},{"code":"018","name":"栄町","name_kana":"ｻｶｴﾏﾁ"},{"code":"019","name":"清田","name_kana":"ｷﾖﾀ"},{"code":"020","name":"澄川","name_kana":"ｽﾐｶﾜ"},{"code":"021","name":"屯田","name_kana":"ﾄﾝﾃﾞﾝ"},{"code":"024","name":"有明","name_kana":"ｱﾘｱｹ"},{"code":"025","name":"恵庭","name_kana":"ｴﾆﾜ"},{"code":"026","name":"北栄","name_kana":"ﾎｸｴｲ"},{"code":"027","name":"千歳","name_kana":"ﾁﾄｾ"},{"code":"028","name":"末広","name_kana":"ｽｴﾋﾛ"},{"code":"029","name":"苫小牧","name_kana":"ﾄﾏｺﾏｲ"},{"code":"033","name":"鵡川","name_kana":"ﾑｶﾜ"},{"code":"034","name":"静内","name_kana":"ｼｽﾞﾅｲ"},{"code":"035","name":"旭川","name_kana":"ｱｻﾋｶﾜ"},{"code":"038","name":"豊岡","name_kana":"ﾄﾖｵｶ"},{"code":"040","name":"永山","name_kana":"ﾅｶﾞﾔﾏ"},{"code":"041","name":"東川","name_kana":"ﾋｶﾞｼｶﾜ"},{"code":"042","name":"東神楽","name_kana":"ﾋｶﾞｼｶｸﾞﾗ"}]