[{"code":"001","name":"本店","name_kana":"ﾎﾝﾃﾝ"},{"code":"002","name":"川崎","name_kana":"ｶﾜｻｷ"},{"code":"003","name":"横須賀","name_kana":"ﾖｺｽｶ"},{"code":"004","name":"平塚","name_kana":"ﾋﾗﾂｶ"},{"code":"007","name":"大和","name_kana":"ﾔﾏﾄ"},{"code":"009","name":"静岡","name_kana":"ｼｽﾞｵｶ"},{"code":"012","name":"水戸","name_kana":"ﾐﾄ"},{"code":"014","name":"千葉","name_kana":"ﾁﾊﾞ"},{"code":"015","name":"船橋","name_kana":"ﾌﾅﾊﾞｼ"},{"code":"022","name":"福井","name_kana":"ﾌｸｲ"},{"code":"024","name":"富山","name_kana":"ﾄﾔﾏ"},{"code":"025","name":"金沢","name_kana":"ｶﾅｻﾞﾜ"},{"code":"031","name":"松本","name_kana":"ﾏﾂﾓﾄ"},{"code":"032","name":"上田","name_kana":"ｳｴﾀﾞ"},{"code":"033","name":"諏訪","name_kana":"ｽﾜ"},{"code":"035","name":"前橋","name_kana":"ﾏｴﾊﾞｼ"},{"code":"037","name":"宇都宮","name_kana":"ｳﾂﾉﾐﾔ"},{"code":"038","name":"新潟","name_kana":"ﾆｲｶﾞﾀ"},{"code":"041","name":"福岡営業部","name_kana":"ﾌｸｵｶ"},{"code":"042","name":"北九州","name_kana":"ｷﾀｷﾕｳｼﾕｳ"},{"code":"043","name":"飯塚","name_kana":"ｲｲﾂﾞｶ"},{"code":"044","name":"東福岡","name_kana":"ﾋｶﾞｼﾌｸｵｶ"},{"code":"045","name":"熊本","name_kana":"ｸﾏﾓﾄ"},{"code":"046","name":"熊本県庁通り","name_kana":"ｸﾏﾓﾄｹﾝﾁﾖｳﾄﾞｵﾘ"},{"code":"047","name":"大分","name_kana":"ｵｵｲﾀ"},{"code":"048","name":"佐賀","name_kana":"ｻｶﾞ"},{"code":"051","name":"岡山","name_kana":"ｵｶﾔﾏ"},{"code":"052","name":"倉敷","name_kana":"ｸﾗｼｷ"},{"code":"200","name":"つばさ","name_kana":"ﾂﾊﾞｻ"}]