[{"code":"001","name":"本店","name_kana":"ﾎﾝﾃﾝ"},{"code":"008","name":"金沢","name_kana":"ｶﾅｻﾞﾜ"},{"code":"009","name":"静岡","name_kana":"ｼｽﾞｵｶ"},{"code":"012","name":"沼津","name_kana":"ﾇﾏﾂﾞ"},{"code":"013","name":"四日市","name_kana":"ﾖﾂｶｲﾁ"},{"code":"015","name":"津","name_kana":"ﾂ"},{"code":"018","name":"名古屋","name_kana":"ﾅｺﾞﾔ"},{"code":"019","name":"大江","name_kana":"ｵｵｴ"},{"code":"020","name":"岡崎","name_kana":"ｵｶｻﾞｷ"},{"code":"021","name":"一宮","name_kana":"ｲﾁﾉﾐﾔ"},{"code":"022","name":"豊橋","name_kana":"ﾄﾖﾊｼ"},{"code":"023","name":"今池","name_kana":"ｲﾏｲｹ"},{"code":"024","name":"春日井","name_kana":"ｶｽｶﾞｲ"},{"code":"026","name":"福井","name_kana":"ﾌｸｲ"}]