[{"code":"001","name":"本店","name_kana":"ﾎﾝﾃﾝ"},{"code":"002","name":"元吉原","name_kana":"ﾓﾄﾖｼﾜﾗ"},{"code":"005","name":"吉原東","name_kana":"ﾖｼﾜﾗﾋｶﾞｼ"},{"code":"006","name":"須津","name_kana":"ｽﾄﾞ"},{"code":"007","name":"原田","name_kana":"ﾊﾗﾀﾞ"},{"code":"008","name":"今泉","name_kana":"ｲﾏｲｽﾞﾐ"},{"code":"009","name":"北部","name_kana":"ﾎｸﾌﾞ"},{"code":"010","name":"島田","name_kana":"ｼﾏﾀﾞ"},{"code":"011","name":"伝法","name_kana":"ﾃﾞﾝﾎﾞｳ"},{"code":"013","name":"大渕","name_kana":"ｵｵﾌﾞﾁ"},{"code":"014","name":"鷹岡","name_kana":"ﾀｶｵｶ"},{"code":"015","name":"天間","name_kana":"ﾃﾝﾏ"},{"code":"016","name":"丘","name_kana":"ｵｶ"},{"code":"017","name":"吉永","name_kana":"ﾖｼﾅｶﾞ"},{"code":"021","name":"富士","name_kana":"ﾌｼﾞ"},{"code":"023","name":"竪堀","name_kana":"ﾀﾃﾎﾞﾘ"},{"code":"024","name":"田子浦","name_kana":"ﾀｺﾞｳﾗ"},{"code":"027","name":"岩松","name_kana":"ｲﾜﾏﾂ"},{"code":"028","name":"橋下","name_kana":"ﾊｼｼﾀ"},{"code":"032","name":"富士川","name_kana":"ﾌｼﾞｶﾜ"}]