[{"code":"010","name":"洲本","name_kana":"ｽﾓﾄ"},{"code":"020","name":"津名","name_kana":"ﾂﾅ"},{"code":"025","name":"生穂","name_kana":"ｲｸﾎ"},{"code":"030","name":"東浦淡路","name_kana":"ﾋｶﾞｼｳﾗｱﾜｼﾞ"},{"code":"033","name":"岩屋","name_kana":"ｲﾜﾔ"},{"code":"050","name":"北淡","name_kana":"ﾎｸﾀﾞﾝ"},{"code":"056","name":"育波","name_kana":"ｲｸﾊ"},{"code":"060","name":"一宮","name_kana":"ｲﾁﾉﾐﾔ"},{"code":"070","name":"鮎原","name_kana":"ｱｲﾊﾗ"},{"code":"071","name":"都志","name_kana":"ﾂｼ"},{"code":"072","name":"五色","name_kana":"ｺﾞｼｷ"},{"code":"100","name":"本店","name_kana":"ﾎﾝﾃﾝ"}]