[{"code":"010","name":"笠岡南","name_kana":"ｶｻｵｶﾐﾅﾐ"},{"code":"015","name":"笠岡","name_kana":"ｶｻｵｶ"},{"code":"016","name":"笠岡北","name_kana":"ｶｻｵｶｷﾀ"},{"code":"017","name":"白石島","name_kana":"ｼﾗｲｼｼﾞﾏ"},{"code":"034","name":"矢掛","name_kana":"ﾔｶｹﾞ"},{"code":"040","name":"倉敷","name_kana":"ｸﾗｼｷ"},{"code":"047","name":"中洲","name_kana":"ﾅｶｽ"},{"code":"049","name":"幸町","name_kana":"ｻｲﾜｲﾁﾖｳ"},{"code":"051","name":"福田","name_kana":"ﾌｸﾀﾞ"},{"code":"052","name":"連島","name_kana":"ﾂﾗｼﾞﾏ"},{"code":"053","name":"西阿知","name_kana":"ﾆｼｱﾁ"},{"code":"054","name":"児島駅前","name_kana":"ｺｼﾞﾏｴｷﾏｴ"},{"code":"101","name":"本店","name_kana":"ﾎﾝﾃﾝ"}]