[{"code":"030","name":"東京","name_kana":"ﾄｳｷﾖｳ"},{"code":"049","name":"富山","name_kana":"ﾄﾔﾏ"},{"code":"051","name":"豊橋","name_kana":"ﾄﾖﾊｼ"},{"code":"084","name":"徳山","name_kana":"ﾄｸﾔﾏ"},{"code":"085","name":"徳島","name_kana":"ﾄｸｼﾏ"},{"code":"207","name":"虎ノ門","name_kana":"ﾄﾗﾉﾓﾝ"},{"code":"219","name":"所沢","name_kana":"ﾄｺﾛｻﾞﾜ"},{"code":"241","name":"戸塚","name_kana":"ﾄﾂｶ"},{"code":"257","name":"豊中２５７","name_kana":"ﾄﾖﾅｶﾆｺﾞﾅﾅ"},{"code":"307","name":"豊田","name_kana":"ﾄﾖﾀ"},{"code":"717","name":"豊中７１７","name_kana":"ﾄﾖﾅｶﾅﾅｲﾁﾅﾅ"}]