[{"code":"004","name":"春日町","name_kana":"ｶｽｶﾞﾁﾖｳ"},{"code":"010","name":"蒲田","name_kana":"ｶﾏﾀ"},{"code":"013","name":"神田中央","name_kana":"ｶﾝﾀﾞﾁﾕｳｵｳ"},{"code":"028","name":"茅場町","name_kana":"ｶﾔﾊﾞﾁﾖｳ"},{"code":"030","name":"学芸大学駅前","name_kana":"ｶﾞｸﾀﾞｲﾏｴ"},{"code":"044","name":"上板橋","name_kana":"ｶﾐｲﾀﾊﾞｼ"},{"code":"046","name":"亀有","name_kana":"ｶﾒｱﾘ"},{"code":"047","name":"上石神井北","name_kana":"ｶﾐｼﾔｸｼﾞｲｷﾀ"},{"code":"067","name":"葛西","name_kana":"ｶｻｲ"},{"code":"068","name":"梶ヶ谷","name_kana":"ｶｼﾞｶﾞﾔ"},{"code":"102","name":"蒲田ＳＧ出張所","name_kana":"ｶﾏﾀｴｽｼﾞ-"},{"code":"807","name":"烏山","name_kana":"ｶﾗｽﾔﾏ"},{"code":"847","name":"上石神井","name_kana":"ｶﾐｼﾔｸｼﾞｲ"},{"code":"848","name":"上溝","name_kana":"ｶﾐﾐｿﾞ"},{"code":"864","name":"神田","name_kana":"ｶﾝﾀﾞ"}]