[{"code":"129","name":"イオン三川店出張所","name_kana":"ｲｵﾝﾐｶﾜﾃﾝ"},{"code":"139","name":"イオン酒田南店出張所","name_kana":"ｲｵﾝｻｶﾀﾐﾅﾐﾃﾝ"},{"code":"170","name":"イオン山形北店出張所","name_kana":"ｲｵﾝﾔﾏｶﾞﾀｷﾀﾃﾝ"},{"code":"179","name":"イオン山形南","name_kana":"ｲｵﾝﾔﾏｶﾞﾀﾐﾅﾐ"},{"code":"186","name":"イオン富谷","name_kana":"ｲｵﾝﾄﾐﾔ"},{"code":"187","name":"泉中央","name_kana":"ｲｽﾞﾐﾁﾕｳｵｳ"},{"code":"198","name":"イオン中山","name_kana":"ｲｵﾝﾅｶﾔﾏ"},{"code":"203","name":"イオン石巻","name_kana":"ｲｵﾝｲｼﾉﾏｷ"},{"code":"204","name":"イオンタウン米沢","name_kana":"ｲｵﾝﾀｳﾝﾖﾈｻﾞﾜ"},{"code":"205","name":"イオンタウン南陽","name_kana":"ｲｵﾝﾀｳﾝﾅﾝﾖｳ"},{"code":"207","name":"イオン多賀城","name_kana":"ｲｵﾝﾀｶﾞｼﾞﾖｳ"},{"code":"208","name":"イオン利府","name_kana":"ｲｵﾝﾘﾌ"},{"code":"211","name":"イオンモール天童","name_kana":"ｲｵﾝﾓ-ﾙﾃﾝﾄﾞｳ"},{"code":"220","name":"イオン葛西","name_kana":"ｲｵﾝｶｻｲ"},{"code":"221","name":"イオン板橋前野町","name_kana":"ｲｵﾝｲﾀﾊﾞｼﾏｴﾉﾁﾖｳ"},{"code":"252","name":"イーネット","name_kana":"ｲ-ﾈﾂﾄ"}]