[{"code":"176","name":"初倉","name_kana":"ﾊﾂｸﾗ"},{"code":"183","name":"榛原","name_kana":"ﾊｲﾊﾞﾗ"},{"code":"262","name":"原町","name_kana":"ﾊﾗﾏﾁ"},{"code":"356","name":"浜松高丘","name_kana":"ﾊﾏﾏﾂﾀｶｵｶ"},{"code":"359","name":"浜松南","name_kana":"ﾊﾏﾏﾂﾐﾅﾐ"},{"code":"361","name":"浜松営業部","name_kana":"ﾊﾏﾏﾂ"},{"code":"368","name":"浜松中央","name_kana":"ﾊﾏﾏﾂﾁﾕｳｵｳ"},{"code":"393","name":"浜北","name_kana":"ﾊﾏｷﾀ"},{"code":"395","name":"浜松西","name_kana":"ﾊﾏﾏﾂﾆｼ"},{"code":"399","name":"浜松中央市場","name_kana":"ﾊﾏﾏﾂﾁﾕｳｵｳｼｼﾞﾖｳ"},{"code":"522","name":"白楽","name_kana":"ﾊｸﾗｸ"},{"code":"532","name":"橋本","name_kana":"ﾊｼﾓﾄ"},{"code":"535","name":"秦野","name_kana":"ﾊﾀﾞﾉ"}]