[{"code":"099","name":"旗ノ台","name_kana":"ﾊﾀﾉﾀﾞｲ"},{"code":"179","name":"浜寺","name_kana":"ﾊﾏﾃﾞﾗ"},{"code":"186","name":"はびきの出張所","name_kana":"ﾊﾋﾞｷﾉ"},{"code":"228","name":"白山","name_kana":"ﾊｸｻﾝ"},{"code":"477","name":"浜松","name_kana":"ﾊﾏﾏﾂ"},{"code":"627","name":"花小金井","name_kana":"ﾊﾅｺｶﾞﾈｲ"},{"code":"669","name":"幡ヶ谷","name_kana":"ﾊﾀｶﾞﾔ"},{"code":"679","name":"浜松町","name_kana":"ﾊﾏﾏﾂﾁﾖｳ"},{"code":"732","name":"浜田山","name_kana":"ﾊﾏﾀﾞﾔﾏ"},{"code":"759","name":"阪急曽根","name_kana":"ﾊﾝｷﾕｳｿﾈ"},{"code":"843","name":"八王子","name_kana":"ﾊﾁｵｳｼﾞ"},{"code":"979","name":"はまゆう","name_kana":"ﾊﾏﾕｳ"}]